<?xml version="1.0" encoding="UTF-8" standalone="yes"?>

<addon id="plugin.videos.first" name="My First Add-on Testing" version="0.0.1" provider-name="Ericson">
	<requires>
		<import addon="xbmc.python" version="2.19.0" />
		<import addon="script.module.beautifulsoup4"     version="4.6.2"/>
		<import addon="script.module.requests"           version="2.26.0"/>
	</requires>
	
	<extension point="xbmc.python.pluginsource" library="default.py">
		<provides>executable video</provides>
	</extension>
	
	<extension point="xbmc.addon.metadata">
		<summary lang="en">My first add-on testing</summary>
		<description lang="en">My first add-on testing</description>
		<platform>all</platform>
		<news></news>
		<genre>adult,movies,music,trailers,tvshows,uk,usa</genre>
		<video_guide></video_guide>
		<video_preview></video_preview>
	</extension>

</addon>



